,Date,Name,MCap
0,31-01-2014,Bitcoin,10238411609.169004
1,31-01-2014,Litecoin,560599230.3933004
2,31-01-2014,XRP,160298300.91823187
3,31-01-2014,Peercoin,126791451.29951945
4,31-01-2014,Dogecoin,63117322.12984666
5,31-01-2014,Nxt,60841312.99449493
6,31-01-2014,Omni,49812814.30261227
7,31-01-2014,Namecoin,45381593.87963894
8,31-01-2014,Quark,20307109.0047971
9,31-01-2014,BitShares PTS,17439354.28542756
10,28-02-2014,Bitcoin,6843354045.172119
11,28-02-2014,Litecoin,345606691.4199205
12,28-02-2014,Auroracoin,174525874.92387393
13,28-02-2014,XRP,106842894.9602277
14,28-02-2014,Peercoin,68733857.60084148
15,28-02-2014,Dogecoin,59135394.20896552
16,28-02-2014,Nxt,43752617.01033423
17,28-02-2014,Omni,29981523.864158604
18,28-02-2014,Namecoin,26682582.081296444
19,28-02-2014,BitShares PTS,22329568.719491463
20,31-03-2014,Bitcoin,5752294910.293576
21,31-03-2014,Litecoin,345019807.8688578
22,31-03-2014,XRP,68678021.76992798
23,31-03-2014,Peercoin,42370916.16641335
24,31-03-2014,Auroracoin,33838894.716183394
25,31-03-2014,Dogecoin,33267630.882439613
26,31-03-2014,Nxt,28296784.027888797
27,31-03-2014,Omni,19051638.91329574
28,31-03-2014,Namecoin,18996815.462240677
29,31-03-2014,BitShares PTS,9332324.255080823
30,30-04-2014,Bitcoin,5690814680.765529
31,30-04-2014,Litecoin,304767116.28175825
32,30-04-2014,Peercoin,46647942.78929131
33,30-04-2014,XRP,41934977.771862045
34,30-04-2014,Dogecoin,37748842.822603256
35,30-04-2014,Omni,22665787.94980624
36,30-04-2014,Nxt,21998066.43044712
37,30-04-2014,Namecoin,18625466.696834538
38,30-04-2014,BlackCoin,9170948.75756631
39,30-04-2014,MaidSafeCoin,7180175.651541189
40,31-05-2014,Bitcoin,8007251051.60065
41,31-05-2014,Litecoin,315570205.04210067
42,31-05-2014,Nxt,52294561.90491316
43,31-05-2014,Dash,49244151.23995974
44,31-05-2014,Peercoin,43673130.57075261
45,31-05-2014,XRP,32409187.865077954
46,31-05-2014,Dogecoin,27234165.675643906
47,31-05-2014,Namecoin,21024400.58900501
48,31-05-2014,BlackCoin,18374794.46514426
49,31-05-2014,Omni,14377374.876541158
50,30-06-2014,Bitcoin,8296104498.115542
51,30-06-2014,Litecoin,266443526.8648224
52,30-06-2014,Nxt,62083415.20412443
53,30-06-2014,Dash,39552011.0657587
54,30-06-2014,Peercoin,29599665.63217165
55,30-06-2014,XRP,29549127.16915372
56,30-06-2014,Dogecoin,22691607.70683142
57,30-06-2014,Namecoin,15379058.093903083
58,30-06-2014,BlackCoin,10541892.98638581
59,30-06-2014,Omni,9276763.632427242
60,31-07-2014,Bitcoin,7670835225.218204
61,31-07-2014,Litecoin,231571707.44542584
62,31-07-2014,Nxt,45126046.32412911
63,31-07-2014,XRP,42821612.59958966
64,31-07-2014,Dash,25186493.59080196
65,31-07-2014,Peercoin,24965194.32076539
66,31-07-2014,BitShares,19798725.480258185
67,31-07-2014,Dogecoin,18565311.108458437
68,31-07-2014,Namecoin,14757671.236324266
69,31-07-2014,MaidSafeCoin,12536937.347928962
70,31-08-2014,Bitcoin,6312805192.092893
71,31-08-2014,Litecoin,153639196.49629438
72,31-08-2014,XRP,141655969.85634091
73,31-08-2014,BitShares,60535603.58223899
74,31-08-2014,Nxt,26616307.91259756
75,31-08-2014,Peercoin,17026974.04381166
76,31-08-2014,Dogecoin,11927776.603390198
77,31-08-2014,Dash,11087255.813781617
78,31-08-2014,Namecoin,10364583.209276205
79,31-08-2014,MaidSafeCoin,8208782.896020061
80,30-09-2014,Bitcoin,5158621734.906009
81,30-09-2014,Litecoin,145447975.74826074
82,30-09-2014,XRP,134625290.318767
83,30-09-2014,BitShares,65758741.71524699
84,30-09-2014,Dogecoin,37365536.433034405
85,30-09-2014,Nxt,28251496.988762695
86,30-09-2014,Peercoin,21745349.254100088
87,30-09-2014,Dash,12685043.880206639
88,30-09-2014,Namecoin,10891747.883069528
89,30-09-2014,MaidSafeCoin,9141663.734409574
90,31-10-2014,Bitcoin,4549893656.57959
91,31-10-2014,XRP,141081688.05832627
92,31-10-2014,Litecoin,125390304.32267734
93,31-10-2014,BitShares,34702887.37589561
94,31-10-2014,Dogecoin,22420940.352192502
95,31-10-2014,Nxt,19421565.756706156
96,31-10-2014,Peercoin,17796789.141864303
97,31-10-2014,Namecoin,9103177.592760324
98,31-10-2014,MaidSafeCoin,8653133.531679157
99,31-10-2014,Dash,8616257.368721996
100,30-11-2014,Bitcoin,5125963514.887999
101,30-11-2014,XRP,346223397.21913683
102,30-11-2014,Litecoin,122633414.31348823
103,30-11-2014,BitShares,47475323.74496838
104,30-11-2014,Dogecoin,23290366.70217448
105,30-11-2014,Nxt,19224491.02164355
106,30-11-2014,Peercoin,16255400.131068915
107,30-11-2014,Counterparty,15184989.769320246
108,30-11-2014,MaidSafeCoin,12603431.343259817
109,30-11-2014,Dash,11695805.940758552
110,31-12-2014,Bitcoin,4377517176.742547
111,31-12-2014,XRP,757040854.5622696
112,31-12-2014,PayCoin,123666375.34255904
113,31-12-2014,Litecoin,95710526.8664683
114,31-12-2014,BitShares,40789236.36357552
115,31-12-2014,MaidSafeCoin,23598328.912472315
116,31-12-2014,Stellar,19619955.977705624
117,31-12-2014,Dogecoin,18139005.380532656
118,31-12-2014,Nxt,18031669.5705557
119,31-12-2014,Peercoin,13002612.107453326
120,31-01-2015,Bitcoin,2997693634.8941813
121,31-01-2015,XRP,442925713.63656753
122,31-01-2015,Litecoin,67578475.07917286
123,31-01-2015,BitShares,25292105.499877427
124,31-01-2015,PayCoin,22406366.311455924
125,31-01-2015,Stellar,15556405.642131837
126,31-01-2015,MaidSafeCoin,13636968.190960051
127,31-01-2015,Dogecoin,13615108.964944411
128,31-01-2015,Nxt,11332491.09939918
129,31-01-2015,Dash,8203048.100237249
130,28-02-2015,Bitcoin,3531770072.1321063
131,28-02-2015,XRP,414743661.8147075
132,28-02-2015,Litecoin,67868334.36612564
133,28-02-2015,BitShares,27330039.413571343
134,28-02-2015,Dash,16712478.776974764
135,28-02-2015,Dogecoin,14267574.532371024
136,28-02-2015,MaidSafeCoin,14086557.72702839
137,28-02-2015,Nxt,13187250.010768257
138,28-02-2015,PayCoin,11982245.327951254
139,28-02-2015,Stellar,11025363.655204061
140,31-03-2015,Bitcoin,3420119292.8466744
141,31-03-2015,XRP,247979029.7209495
142,31-03-2015,Litecoin,62410602.84906546
143,31-03-2015,Dash,21091727.919535726
144,31-03-2015,BitShares,15336340.708371809
145,31-03-2015,Dogecoin,12414267.61033786
146,31-03-2015,Stellar,12096611.857276373
147,31-03-2015,Nxt,9860576.366252655
148,31-03-2015,MaidSafeCoin,7965395.299936592
149,31-03-2015,PayCoin,7578583.644649282
150,30-04-2015,Bitcoin,3332098440.191268
151,30-04-2015,XRP,256197561.3705777
152,30-04-2015,Litecoin,55615335.12650864
153,30-04-2015,Dash,15835482.68752721
154,30-04-2015,Stellar,13173436.921999084
155,30-04-2015,MaidSafeCoin,10410550.701861553
156,30-04-2015,Dogecoin,10266889.696816875
157,30-04-2015,Nxt,9392710.134453138
158,30-04-2015,BitShares,8808720.306540143
159,30-04-2015,Banx,7325278.811507262
160,31-05-2015,Bitcoin,3273749732.6580005
161,31-05-2015,XRP,264525169.8354906
162,31-05-2015,Litecoin,64685761.07352673
163,31-05-2015,BitShares,17053945.0825219
164,31-05-2015,Stellar,16379498.586059479
165,31-05-2015,Dogecoin,15311628.921415213
166,31-05-2015,Dash,14938814.299758028
167,31-05-2015,Nxt,11084302.735908477
168,31-05-2015,Banx,8202283.184228907
169,31-05-2015,MaidSafeCoin,7555670.29776257
170,30-06-2015,Bitcoin,3770228517.41181
171,30-06-2015,XRP,361189426.89223003
172,30-06-2015,Litecoin,165024779.79299068
173,30-06-2015,Dogecoin,19876523.788253106
174,30-06-2015,BitShares,17570116.485578842
175,30-06-2015,Stellar,16786427.628925484
176,30-06-2015,Dash,15777325.263043074
177,30-06-2015,Nxt,12877127.944598954
178,30-06-2015,Peercoin,11612405.251508875
179,30-06-2015,Banx,10936477.32295247
180,31-07-2015,Bitcoin,4112088952.2170987
181,31-07-2015,XRP,269207969.3112497
182,31-07-2015,Litecoin,191604993.49541107
183,31-07-2015,Dash,20743422.39629267
184,31-07-2015,Dogecoin,18492148.678999625
185,31-07-2015,MaidSafeCoin,15058961.706767512
186,31-07-2015,Bytecoin,14984680.242342634
187,31-07-2015,Banx,13576357.782399826
188,31-07-2015,Stellar,12787787.528586738
189,31-07-2015,BitShares,12202786.853116542
190,31-08-2015,Bitcoin,3349842524.0631166
191,31-08-2015,XRP,256126009.51336688
192,31-08-2015,Litecoin,119593760.48399661
193,31-08-2015,Ethereum,98963853.90646668
194,31-08-2015,Dash,14810613.016488867
195,31-08-2015,Dogecoin,12998998.128456146
196,31-08-2015,Banx,12485179.487037534
197,31-08-2015,Stellar,11992239.602119295
198,31-08-2015,MaidSafeCoin,10145270.99274057
199,31-08-2015,Bytecoin,10141787.722133446
200,30-09-2015,Bitcoin,3463618782.685092
201,30-09-2015,XRP,179340575.54099345
202,30-09-2015,Litecoin,127981433.75752844
203,30-09-2015,Ethereum,54351468.52422362
204,30-09-2015,BitShares,15702982.430236995
205,30-09-2015,Dash,13665330.807053994
206,30-09-2015,Banx,12818876.251561072
207,30-09-2015,Dogecoin,12460559.75717261
208,30-09-2015,Stellar,9603825.302929386
209,30-09-2015,MaidSafeCoin,9073658.339491664
210,31-10-2015,Bitcoin,4645479257.312012
211,31-10-2015,Litecoin,163466935.29717845
212,31-10-2015,XRP,155388745.79494533
213,31-10-2015,Ethereum,68163353.74611355
214,31-10-2015,Dogecoin,13931390.09998142
215,31-10-2015,Dash,13718636.476938402
216,31-10-2015,BitShares,10605188.881748073
217,31-10-2015,Stellar,10448034.366434302
218,31-10-2015,Peercoin,8903072.026676279
219,31-10-2015,Nxt,7198830.650120943
220,30-11-2015,Bitcoin,5623189844.389341
221,30-11-2015,Litecoin,157141133.64739284
222,30-11-2015,XRP,140894177.10796905
223,30-11-2015,Ethereum,65589564.07394868
224,30-11-2015,Dogecoin,13106221.914576974
225,30-11-2015,Dash,13062620.207517179
226,30-11-2015,Peercoin,10434881.779269675
227,30-11-2015,Stellar,8376950.824340003
228,30-11-2015,BitShares,8134566.1728473725
229,30-11-2015,Namecoin,6248117.5577044515
230,31-12-2015,Bitcoin,6471223702.829741
231,31-12-2015,XRP,202579298.74689305
232,31-12-2015,Litecoin,152598764.55895653
233,31-12-2015,Ethereum,70858046.37473322
234,31-12-2015,Dash,19974366.77662451
235,31-12-2015,Dogecoin,15471973.15466071
236,31-12-2015,Peercoin,9691966.967150714
237,31-12-2015,BitShares,8698581.413300144
238,31-12-2015,Stellar,8472365.171875438
239,31-12-2015,Nxt,6723331.7863263935
240,31-01-2016,Bitcoin,5587251013.446045
241,31-01-2016,XRP,217061553.5686483
242,31-01-2016,Ethereum,176834647.0270317
243,31-01-2016,Litecoin,135182626.61086014
244,31-01-2016,Dogecoin,28502900.058526542
245,31-01-2016,Dash,25420327.76399401
246,31-01-2016,Peercoin,9746278.427124644
247,31-01-2016,MaidSafeCoin,9064662.435200866
248,31-01-2016,Emercoin,8862581.158217864
249,31-01-2016,Stellar,8591481.05783968
250,29-02-2016,Bitcoin,6681446896.362312
251,29-02-2016,Ethereum,490556929.7417237
252,29-02-2016,XRP,270086703.4027311
253,29-02-2016,Litecoin,154086662.40498033
254,29-02-2016,MaidSafeCoin,41039878.461571
255,29-02-2016,Dogecoin,25795307.204771996
256,29-02-2016,Dash,24531751.320082135
257,29-02-2016,Peercoin,10814035.938136393
258,29-02-2016,BitShares,10116804.316034103
259,29-02-2016,Monero,9720580.262917804
260,31-03-2016,Bitcoin,6409069919.279482
261,31-03-2016,Ethereum,896767742.861888
262,31-03-2016,XRP,254561782.4622126
263,31-03-2016,Litecoin,147087597.99000117
264,31-03-2016,Dash,43589670.81491106
265,31-03-2016,MaidSafeCoin,36580361.216102436
266,31-03-2016,Dogecoin,24159320.444114294
267,31-03-2016,Monero,16060871.7615972
268,31-03-2016,BitShares,15056586.763664512
269,31-03-2016,Factom,14746135.987468611
270,30-04-2016,Bitcoin,6944867972.18322
271,30-04-2016,Ethereum,701472948.9002156
272,30-04-2016,XRP,237520579.7264644
273,30-04-2016,Litecoin,166837957.009495
274,30-04-2016,Dash,43802121.31632067
275,30-04-2016,MaidSafeCoin,25349273.111416914
276,30-04-2016,Dogecoin,23484927.820832346
277,30-04-2016,NEM,14410469.679423418
278,30-04-2016,Monero,10767276.155469593
279,30-04-2016,Stellar,10157914.728688072
280,31-05-2016,Bitcoin,8293040304.383846
281,31-05-2016,Ethereum,1134274944.0094192
282,31-05-2016,Litecoin,214037888.2049023
283,31-05-2016,XRP,198966275.4805242
284,31-05-2016,The DAO,156512141.8427823
285,31-05-2016,Dash,53026529.74266086
286,31-05-2016,Lisk,31283065.6766891
287,31-05-2016,MaidSafeCoin,27805579.826859776
288,31-05-2016,Dogecoin,24183085.577098455
289,31-05-2016,Steem,18373984.357290264
290,30-06-2016,Bitcoin,10583529326.713566
291,30-06-2016,Ethereum,1016130736.2137213
292,30-06-2016,XRP,235302733.13633108
293,30-06-2016,Litecoin,194824170.71544972
294,30-06-2016,NEM,112740428.17442648
295,30-06-2016,The DAO,111140541.11492525
296,30-06-2016,Dash,46761183.66453379
297,30-06-2016,MaidSafeCoin,34636416.43184853
298,30-06-2016,Dogecoin,31941903.06846599
299,30-06-2016,Lisk,31128874.4211197
300,31-07-2016,Bitcoin,9861863056.633293
301,31-07-2016,Ethereum,980178574.362339
302,31-07-2016,Steem,233585848.9192408
303,31-07-2016,XRP,211342203.09221807
304,31-07-2016,Litecoin,188282668.6940778
305,31-07-2016,Ethereum Classic,148016006.4087293
306,31-07-2016,Dash,63022072.888132066
307,31-07-2016,NEM,59920725.40600894
308,31-07-2016,MaidSafeCoin,35130597.734875545
309,31-07-2016,Lisk,26908704.638481103
310,31-08-2016,Bitcoin,9117109844.77441
311,31-08-2016,Ethereum,975001486.0474509
312,31-08-2016,XRP,213816404.58788425
313,31-08-2016,Litecoin,179838189.66187295
314,31-08-2016,Steem,118319579.26053679
315,31-08-2016,Monero,109758681.79387227
316,31-08-2016,Ethereum Classic,98892065.00416747
317,31-08-2016,Dash,79685188.83800936
318,31-08-2016,NEM,51279708.271736406
319,31-08-2016,MaidSafeCoin,48464662.229447514
320,30-09-2016,Bitcoin,9693192695.387695
321,30-09-2016,Ethereum,1117517639.3034902
322,30-09-2016,XRP,313257244.2030479
323,30-09-2016,Litecoin,183588394.36305112
324,30-09-2016,Monero,109506187.22878912
325,30-09-2016,Ethereum Classic,106030468.23216635
326,30-09-2016,Dash,81933792.39900938
327,30-09-2016,Steem,78158745.89958157
328,30-09-2016,MaidSafeCoin,41460639.29385886
329,30-09-2016,NEM,39294990.706548035
330,31-10-2016,Bitcoin,11181858644.06543
331,31-10-2016,Ethereum,940580583.0274389
332,31-10-2016,XRP,291210963.22374207
333,31-10-2016,Litecoin,192651107.44773248
334,31-10-2016,Ethereum Classic,77156484.56154285
335,31-10-2016,Monero,67793897.18953818
336,31-10-2016,Dash,63004590.4948593
337,31-10-2016,Augur,48959313.39263921
338,31-10-2016,MaidSafeCoin,33029807.943164777
339,31-10-2016,Waves,32801577.4488449
340,30-11-2016,Bitcoin,11943533361.22596
341,30-11-2016,Ethereum,742664994.2918642
342,30-11-2016,XRP,241184438.24206448
343,30-11-2016,Litecoin,189543806.34942037
344,30-11-2016,Monero,120350688.8764314
345,30-11-2016,Ethereum Classic,64640011.71547558
346,30-11-2016,Dash,61606605.11092375
347,30-11-2016,Augur,40595214.366912805
348,30-11-2016,Steem,33468209.73616331
349,30-11-2016,NEM,33454170.44685104
350,31-12-2016,Bitcoin,15492555878.405766
351,31-12-2016,Ethereum,696993349.6459907
352,31-12-2016,XRP,234334889.54542348
353,31-12-2016,Litecoin,212503030.89492548
354,31-12-2016,Monero,188311149.76588294
355,31-12-2016,Ethereum Classic,123523126.75146861
356,31-12-2016,Dash,78344128.98215348
357,31-12-2016,MaidSafeCoin,44950237.560136475
358,31-12-2016,Augur,41523346.18568422
359,31-12-2016,Steem,38917352.18748256
360,31-01-2017,Bitcoin,15659178880.128483
361,31-01-2017,Ethereum,948752491.2527274
362,31-01-2017,XRP,232723648.16935855
363,31-01-2017,Litecoin,202257569.7841707
364,31-01-2017,Monero,179975126.95652983
365,31-01-2017,Ethereum Classic,120203743.92718898
366,31-01-2017,Dash,113491546.1392001
367,31-01-2017,MaidSafeCoin,66067101.23397774
368,31-01-2017,Augur,47224020.00427243
369,31-01-2017,NEM,47135196.6209491
370,28-02-2017,Bitcoin,19103751521.154785
371,28-02-2017,Ethereum,1412825176.9313748
372,28-02-2017,Dash,231783007.06333622
373,28-02-2017,XRP,205616256.718179
374,28-02-2017,Litecoin,188519601.69061857
375,28-02-2017,Monero,172261925.7934627
376,28-02-2017,Ethereum Classic,110448462.9168251
377,28-02-2017,MaidSafeCoin,79998715.63646542
378,28-02-2017,NEM,63304457.80646757
379,28-02-2017,Augur,49993458.74786373
380,31-03-2017,Bitcoin,17414271874.412434
381,31-03-2017,Ethereum,4517833659.820923
382,31-03-2017,XRP,781029041.6385312
383,31-03-2017,Dash,539218726.2363921
384,31-03-2017,Litecoin,336227620.74070233
385,31-03-2017,Monero,291917848.6763641
386,31-03-2017,Ethereum Classic,255217473.8627065
387,31-03-2017,NEM,134349158.95012322
388,31-03-2017,Augur,130283201.21765189
389,31-03-2017,MaidSafeCoin,74995711.57505983
390,30-04-2017,Bitcoin,21975158881.891438
391,30-04-2017,Ethereum,7206674281.899033
392,30-04-2017,XRP,1955141863.8655488
393,30-04-2017,Litecoin,799087241.9111998
394,30-04-2017,Dash,664882750.1358217
395,30-04-2017,Ethereum Classic,594208137.2764277
396,30-04-2017,NEM,458693314.2927254
397,30-04-2017,Monero,341259568.2520826
398,30-04-2017,Augur,184619724.2736814
399,30-04-2017,Golem,180337780.11798856
400,31-05-2017,Bitcoin,37414851752.9296
401,31-05-2017,Ethereum,21244851451.811295
402,31-05-2017,XRP,9431885506.529264
403,31-05-2017,NEM,1818581297.7915933
404,31-05-2017,Ethereum Classic,1629361032.1446345
405,31-05-2017,Litecoin,1299157489.0426643
406,31-05-2017,Dash,996662642.5048009
407,31-05-2017,Monero,608725777.0413494
408,31-05-2017,Stratis,501020935.61434084
409,31-05-2017,Bytecoin,398297061.13306975
410,30-06-2017,Bitcoin,40735132243.25553
411,30-06-2017,Ethereum,27404716297.573383
412,30-06-2017,XRP,10067942260.390892
413,30-06-2017,Litecoin,2089791750.6137216
414,30-06-2017,Ethereum Classic,1761453100.696956
415,30-06-2017,NEM,1435792252.2618437
416,30-06-2017,Dash,1344069243.9565244
417,30-06-2017,IOTA,1116235513.7656236
418,30-06-2017,BitShares,644798914.2327013
419,30-06-2017,Monero,643196910.9303433
420,31-07-2017,Bitcoin,47388308055.83496
421,31-07-2017,Ethereum,19102559787.192295
422,31-07-2017,XRP,6416415684.276393
423,31-07-2017,Litecoin,2248289364.850295
424,31-07-2017,NEM,1485613614.1556888
425,31-07-2017,Dash,1331696158.7516959
426,31-07-2017,Ethereum Classic,1317395308.5951037
427,31-07-2017,IOTA,708036668.8679246
428,31-07-2017,Monero,592240758.3845482
429,31-07-2017,Stratis,492791327.9824858
430,31-08-2017,Bitcoin,77775417256.68945
431,31-08-2017,Ethereum,36142746390.08272
432,31-08-2017,XRP,9801818642.818924
433,31-08-2017,Bitcoin Cash,9736724677.56271
434,31-08-2017,Litecoin,3746361741.294031
435,31-08-2017,NEM,3034919768.234642
436,31-08-2017,Dash,2847162689.481735
437,31-08-2017,IOTA,2341542288.246011
438,31-08-2017,Monero,2108566479.147008
439,31-08-2017,Neo,1658057975.769045
440,30-09-2017,Bitcoin,72008468660.3374
441,30-09-2017,Ethereum,28607429117.83926
442,30-09-2017,XRP,7574021430.630519
443,30-09-2017,Bitcoin Cash,7195230252.402494
444,30-09-2017,Litecoin,2932072947.1336246
445,30-09-2017,Dash,2482824746.800768
446,30-09-2017,NEM,2116459652.546321
447,30-09-2017,IOTA,1725594412.25139
448,30-09-2017,Neo,1710742378.234865
449,30-09-2017,Monero,1451285132.4374433
450,31-10-2017,Bitcoin,107743802863.57617
451,31-10-2017,Ethereum,29194789641.09685
452,31-10-2017,XRP,7727817256.195012
453,31-10-2017,Bitcoin Cash,7354882622.480386
454,31-10-2017,Litecoin,2989857851.4051285
455,31-10-2017,Dash,2136963948.3309798
456,31-10-2017,Neo,1850599670.410153
457,31-10-2017,BitConnect,1758273636.8380153
458,31-10-2017,NEM,1680937170.7955914
459,31-10-2017,Monero,1340360264.3554537
460,30-11-2017,Bitcoin,171019736353.1494
461,30-11-2017,Ethereum,42947967866.23181
462,30-11-2017,Bitcoin Cash,23391260839.47453
463,30-11-2017,XRP,9689622967.94368
464,30-11-2017,Dash,6075379352.28536
465,30-11-2017,Bitcoin Gold,5081627591.87143
466,30-11-2017,Litecoin,4776297472.089473
467,30-11-2017,IOTA,3687472198.796576
468,30-11-2017,Cardano,3108206712.9783006
469,30-11-2017,Monero,2777777057.652488
470,31-12-2017,Bitcoin,237466518547.0703
471,31-12-2017,XRP,89121967114.06493
472,31-12-2017,Ethereum,73170132771.98961
473,31-12-2017,Bitcoin Cash,42774236530.92965
474,31-12-2017,Cardano,18659588487.375454
475,31-12-2017,Litecoin,12663197417.168257
476,31-12-2017,IOTA,9869763787.814571
477,31-12-2017,NEM,9306424139.896133
478,31-12-2017,Dash,8189388164.001476
479,31-12-2017,Stellar,6442724493.372347
480,31-01-2018,Bitcoin,172099980884.375
481,31-01-2018,Ethereum,108848275777.17952
482,31-01-2018,XRP,45029876515.12418
483,31-01-2018,Bitcoin Cash,25191485302.001953
484,31-01-2018,Cardano,13464316749.191948
485,31-01-2018,Stellar,9948369701.22749
486,31-01-2018,Neo,9474259796.14257
487,31-01-2018,Litecoin,8986081367.468796
488,31-01-2018,EOS,7806278683.775434
489,31-01-2018,NEM,7018715500.051744
490,28-02-2018,Bitcoin,175644911465.31445
491,28-02-2018,Ethereum,83728549711.35654
492,28-02-2018,XRP,35364476251.9728
493,28-02-2018,Bitcoin Cash,20461983718.93624
494,28-02-2018,Litecoin,11245143615.444672
495,28-02-2018,Neo,8660683670.043924
496,28-02-2018,Cardano,8104308933.472343
497,28-02-2018,Stellar,6166782284.913738
498,28-02-2018,EOS,5875210817.4244
499,28-02-2018,IOTA,5160293811.508218
500,31-03-2018,Bitcoin,118204683668.04199
501,31-03-2018,Ethereum,39066094435.26183
502,31-03-2018,XRP,20030183391.94392
503,31-03-2018,Bitcoin Cash,11682401697.568508
504,31-03-2018,Litecoin,6515954282.276071
505,31-03-2018,EOS,4574168861.289725
506,31-03-2018,Cardano,4042525628.748109
507,31-03-2018,Stellar,3835845719.0862384
508,31-03-2018,Neo,3258127479.5532255
509,31-03-2018,IOTA,2994430916.825661
510,30-04-2018,Bitcoin,157163927039.39062
511,30-04-2018,Ethereum,66423677058.77303
512,30-04-2018,XRP,32802077801.7146
513,30-04-2018,Bitcoin Cash,23089888241.729652
514,30-04-2018,EOS,14536299135.815144
515,30-04-2018,Cardano,8901229627.921402
516,30-04-2018,Litecoin,8363087655.537692
517,30-04-2018,Stellar,7886499826.936686
518,30-04-2018,TRON,6165640640.85851
519,30-04-2018,Neo,5477709465.026857
520,31-05-2018,Bitcoin,127902981389.64844
521,31-05-2018,Ethereum,57643128574.31675
522,31-05-2018,XRP,24008639945.23813
523,31-05-2018,Bitcoin Cash,17078620270.71685
524,31-05-2018,EOS,10949525706.923992
525,31-05-2018,Litecoin,6704176975.82572
526,31-05-2018,Cardano,5839145949.086158
527,31-05-2018,Stellar,5511518865.30975
528,31-05-2018,IOTA,4875507371.880345
529,31-05-2018,TRON,3980460850.1408887
530,30-06-2018,Bitcoin,109665618200.0
531,30-06-2018,Ethereum,45703301321.01465
532,30-06-2018,XRP,18305756396.171787
533,30-06-2018,Bitcoin Cash,12887050446.069336
534,30-06-2018,EOS,7290014797.903944
535,30-06-2018,Litecoin,4655306558.404294
536,30-06-2018,Stellar,3628737886.0000315
537,30-06-2018,Cardano,3569405567.417033
538,30-06-2018,IOTA,2806686393.2156343
539,30-06-2018,Tether,2704952974.696652
540,31-07-2018,Bitcoin,133688533943.20117
541,31-07-2018,Ethereum,43838988427.02035
542,31-07-2018,XRP,17111151155.303308
543,31-07-2018,Bitcoin Cash,13419820616.294857
544,31-07-2018,EOS,6681120953.637017
545,31-07-2018,Stellar,5218302247.465808
546,31-07-2018,Litecoin,4594973916.460725
547,31-07-2018,Cardano,3715277266.6165986
548,31-07-2018,IOTA,2625559177.182972
549,31-07-2018,Tether,2460926388.258608
550,31-08-2018,Bitcoin,121346614585.04297
551,31-08-2018,Ethereum,28774931593.6343
552,31-08-2018,XRP,13295971301.1717
553,31-08-2018,Bitcoin Cash,9408066704.512783
554,31-08-2018,EOS,5824359196.526089
555,31-08-2018,Stellar,4169109805.6305075
556,31-08-2018,Litecoin,3597386938.806495
557,31-08-2018,Tether,2751761647.825141
558,31-08-2018,Cardano,2649642141.4036455
559,31-08-2018,IOTA,1979627817.0025764
560,30-09-2018,Bitcoin,114608461359.46289
561,30-09-2018,Ethereum,23817856184.663696
562,30-09-2018,XRP,23187793631.066772
563,30-09-2018,Bitcoin Cash,9208791087.336727
564,30-09-2018,EOS,5182995901.872068
565,30-09-2018,Stellar,4877860473.893902
566,30-09-2018,Litecoin,3578366271.13923
567,30-09-2018,Tether,2807436765.0005627
568,30-09-2018,Cardano,2208861152.3435245
569,30-09-2018,Monero,1912551108.1286907
570,31-10-2018,Bitcoin,109627072489.01367
571,31-10-2018,Ethereum,20314619935.77324
572,31-10-2018,XRP,18027409197.825974
573,31-10-2018,Bitcoin Cash,7371731716.195679
574,31-10-2018,EOS,4709101221.376587
575,31-10-2018,Stellar,4226620869.3119
576,31-10-2018,Litecoin,2915438915.8220005
577,31-10-2018,Cardano,1807238197.5769632
578,31-10-2018,Tether,1755322009.3678823
579,31-10-2018,Monero,1716745902.0702093
580,30-11-2018,Bitcoin,69904637061.27803
581,30-11-2018,XRP,14616841112.316196
582,30-11-2018,Ethereum,11716096075.586096
583,30-11-2018,Stellar,3038484778.264376
584,30-11-2018,Bitcoin Cash,3026267123.795529
585,30-11-2018,EOS,2612613988.8831167
586,30-11-2018,Litecoin,1903850875.1105494
587,30-11-2018,Tether,1841241017.5476518
588,30-11-2018,Bitcoin SV,1665338347.5697725
589,30-11-2018,Cardano,1008977117.5880942
590,31-12-2018,Bitcoin,65331499157.74403
591,31-12-2018,XRP,14388351240.484241
592,31-12-2018,Ethereum,13886837729.668465
593,31-12-2018,Bitcoin Cash,2649556711.4530945
594,31-12-2018,EOS,2326269030.8467274
595,31-12-2018,Stellar,2161590358.7533994
596,31-12-2018,Tether,1884199082.0586703
597,31-12-2018,Litecoin,1822504810.6982965
598,31-12-2018,Bitcoin SV,1490162203.9211645
599,31-12-2018,TRON,1254466430.8477154
600,31-01-2019,Bitcoin,60553903927.49106
601,31-01-2019,XRP,12762148539.246593
602,31-01-2019,Ethereum,11204735502.203602
603,31-01-2019,EOS,2103041930.8453822
604,31-01-2019,Tether,2033970566.2585912
605,31-01-2019,Bitcoin Cash,2020317794.295756
606,31-01-2019,Litecoin,1907587556.444073
607,31-01-2019,TRON,1695281544.5326397
608,31-01-2019,Stellar,1583825650.1607964
609,31-01-2019,Bitcoin SV,1125734365.1951463
610,28-02-2019,Bitcoin,67704774107.028755
611,28-02-2019,Ethereum,14365118212.5715
612,28-02-2019,XRP,13033383005.95861
613,28-02-2019,EOS,3207737514.557214
614,28-02-2019,Litecoin,2805515463.89435
615,28-02-2019,Bitcoin Cash,2332748074.9335866
616,28-02-2019,Tether,2041809695.1651425
617,28-02-2019,Stellar,1642455832.9954405
618,28-02-2019,TRON,1591516788.549172
619,28-02-2019,Binance Coin,1463309043.2570636
620,31-03-2019,Bitcoin,72339379035.94708
621,31-03-2019,Ethereum,14925533136.910015
622,31-03-2019,XRP,12896872921.661108
623,31-03-2019,EOS,3786438262.7747293
624,31-03-2019,Litecoin,3714371560.2322655
625,31-03-2019,Bitcoin Cash,2990730945.1750154
626,31-03-2019,Binance Coin,2456689309.0205717
627,31-03-2019,Stellar,2072087795.2667675
628,31-03-2019,Tether,2029986704.6088855
629,31-03-2019,Cardano,1808312386.7524796
630,30-04-2019,Bitcoin,94573826827.48416
631,30-04-2019,Ethereum,17170110492.618622
632,30-04-2019,XRP,12999538690.070469
633,30-04-2019,Bitcoin Cash,4754698560.184194
634,30-04-2019,Litecoin,4573555690.893572
635,30-04-2019,EOS,4556334655.630232
636,30-04-2019,Binance Coin,3123908033.9397087
637,30-04-2019,Tether,2851502734.472296
638,30-04-2019,Stellar,1909390183.324363
639,30-04-2019,Cardano,1823858101.4531054
640,31-05-2019,Bitcoin,152059886413.5447
641,31-05-2019,Ethereum,28501098830.855053
642,31-05-2019,XRP,18499916713.335796
643,31-05-2019,Bitcoin Cash,7928120026.909435
644,31-05-2019,EOS,7809602153.819278
645,31-05-2019,Litecoin,7103874447.658168
646,31-05-2019,Binance Coin,4623238353.110767
647,31-05-2019,Bitcoin SV,3487100466.487147
648,31-05-2019,Tether,3141419356.5042133
649,31-05-2019,Stellar,2583358571.4731226
650,30-06-2019,Bitcoin,192442065810.21814
651,30-06-2019,Ethereum,31020295932.106815
652,30-06-2019,XRP,16873846275.022585
653,30-06-2019,Litecoin,7636046758.423347
654,30-06-2019,Bitcoin Cash,7137232211.409762
655,30-06-2019,EOS,5312121571.837509
656,30-06-2019,Binance Coin,4580083462.042025
657,30-06-2019,Tether,3573328668.0953226
658,30-06-2019,Bitcoin SV,3467494146.9601192
659,30-06-2019,TRON,2129781704.921747
660,31-07-2019,Bitcoin,180028959602.82245
661,31-07-2019,Ethereum,23425015629.840286
662,31-07-2019,XRP,13758215466.756638
663,31-07-2019,Litecoin,6197337878.279544
664,31-07-2019,Bitcoin Cash,5852931215.877821
665,31-07-2019,Binance Coin,4299743458.269603
666,31-07-2019,EOS,4097152832.5787177
667,31-07-2019,Tether,4041560024.65416
668,31-07-2019,Bitcoin SV,2642119494.7503395
669,31-07-2019,Stellar,1646559437.3159633
670,31-08-2019,Bitcoin,172470743516.17728
671,31-08-2019,Ethereum,18549906271.519485
672,31-08-2019,XRP,11141812866.252405
673,31-08-2019,Bitcoin Cash,5032832851.684263
674,31-08-2019,Litecoin,4078358696.323966
675,31-08-2019,Tether,4022874816.2561765
676,31-08-2019,Binance Coin,3307630391.523833
677,31-08-2019,EOS,3094460504.68202
678,31-08-2019,Bitcoin SV,2310674798.927302
679,31-08-2019,Stellar,1235934410.6802123
680,30-09-2019,Bitcoin,149011567415.15573
681,30-09-2019,Ethereum,19419149343.027267
682,30-09-2019,XRP,11036254661.798073
683,30-09-2019,Tether,4124922495.6408696
684,30-09-2019,Bitcoin Cash,4113583440.9155674
685,30-09-2019,Litecoin,3552325139.290947
686,30-09-2019,EOS,2761785236.9058294
687,30-09-2019,Binance Coin,2467228254.3851895
688,30-09-2019,Bitcoin SV,1560900185.8987334
689,30-09-2019,Stellar,1235259077.4640188
690,31-10-2019,Bitcoin,165804227834.58984
691,31-10-2019,Ethereum,19937256794.36969
692,31-10-2019,XRP,12816900824.584442
693,31-10-2019,Bitcoin Cash,5145642138.501276
694,31-10-2019,Tether,4134412347.4524536
695,31-10-2019,Litecoin,3737406895.2618766
696,31-10-2019,Binance Coin,3110770519.107376
697,31-10-2019,EOS,3073979519.654174
698,31-10-2019,Bitcoin SV,2345098775.480944
699,31-10-2019,TRON,1326828090.575847
700,30-11-2019,Bitcoin,136829391048.64572
701,30-11-2019,Ethereum,16589132425.863888
702,30-11-2019,XRP,9806315573.442816
703,30-11-2019,Tether,4115041871.317617
704,30-11-2019,Bitcoin Cash,3971434831.6680884
705,30-11-2019,Litecoin,3026175356.6834598
706,30-11-2019,EOS,2598670742.382442
707,30-11-2019,Binance Coin,2444407390.4765077
708,30-11-2019,Bitcoin SV,1945611203.361436
709,30-11-2019,Stellar,1196086466.6882231
710,31-12-2019,Bitcoin,130446112598.42046
711,31-12-2019,Ethereum,14139765786.435047
712,31-12-2019,XRP,8359619490.726194
713,31-12-2019,Tether,4106723975.413998
714,31-12-2019,Bitcoin Cash,3723637896.6646724
715,31-12-2019,Litecoin,2635704909.199416
716,31-12-2019,EOS,2443242001.6798687
717,31-12-2019,Binance Coin,2135152371.1427026
718,31-12-2019,Bitcoin SV,1754060547.9973977
719,31-12-2019,Tezos,938725944.7974794
720,31-01-2020,Bitcoin,170112778161.31497
721,31-01-2020,Ethereum,19729633077.607033
722,31-01-2020,XRP,10451015953.57747
723,31-01-2020,Bitcoin Cash,6852328296.507117
724,31-01-2020,Bitcoin SV,4971493553.145672
725,31-01-2020,Tether,4645374933.9402895
726,31-01-2020,Litecoin,4342918712.966383
727,31-01-2020,EOS,3936220903.571889
728,31-01-2020,Binance Coin,2832476037.4138713
729,31-01-2020,Cardano,1394699437.3755214
730,29-02-2020,Bitcoin,156895988083.7399
731,29-02-2020,Ethereum,24162913195.452988
732,29-02-2020,XRP,10121531622.811842
733,29-02-2020,Bitcoin Cash,5644119541.822102
734,29-02-2020,Tether,4671931513.540853
735,29-02-2020,Bitcoin SV,3885583525.154307
736,29-02-2020,Litecoin,3758049403.712608
737,29-02-2020,EOS,3261098547.9450173
738,29-02-2020,Binance Coin,3046045199.85467
739,29-02-2020,Tezos,1935866745.547786
740,31-03-2020,Bitcoin,117814077266.53714
741,31-03-2020,Ethereum,14739376437.832033
742,31-03-2020,XRP,7669550526.109096
743,31-03-2020,Tether,6184759499.926953
744,31-03-2020,Bitcoin Cash,4032631725.020105
745,31-03-2020,Bitcoin SV,3036599445.3720117
746,31-03-2020,Litecoin,2531157609.6229486
747,31-03-2020,EOS,2048458691.906946
748,31-03-2020,Binance Coin,1956901645.5916934
749,31-03-2020,Tezos,1138632446.766384
750,30-04-2020,Bitcoin,158922133909.0944
751,30-04-2020,Ethereum,22989647064.803486
752,30-04-2020,XRP,9385477916.239634
753,30-04-2020,Tether,6393551731.857322
754,30-04-2020,Bitcoin Cash,4595776898.836431
755,30-04-2020,Bitcoin SV,3831312983.8333745
756,30-04-2020,Litecoin,3019046192.753345
757,30-04-2020,Binance Coin,2649408578.221265
758,30-04-2020,EOS,2613048283.6960096
759,30-04-2020,Tezos,1957055599.5603063
760,31-05-2020,Bitcoin,173997151929.6767
761,31-05-2020,Ethereum,25675542328.542915
762,31-05-2020,XRP,8950742760.184929
763,31-05-2020,Tether,8780766210.209959
764,31-05-2020,Bitcoin Cash,4419143462.327779
765,31-05-2020,Bitcoin SV,3557790466.1621704
766,31-05-2020,Litecoin,2956928358.3165674
767,31-05-2020,Binance Coin,2650418985.5995145
768,31-05-2020,EOS,2491563530.524045
769,31-05-2020,Tezos,1992319654.1927147
770,30-06-2020,Bitcoin,168315606321.29022
771,30-06-2020,Ethereum,25249913730.182583
772,30-06-2020,Tether,9187111584.256834
773,30-06-2020,XRP,7783640656.901624
774,30-06-2020,Bitcoin Cash,4095641221.311188
775,30-06-2020,Bitcoin SV,2917573814.17105
776,30-06-2020,Litecoin,2692495275.077716
777,30-06-2020,Binance Coin,2397377912.0476193
778,30-06-2020,Crypto.com Coin,2208498901.9396605
779,30-06-2020,EOS,2202361409.768447
780,31-07-2020,Bitcoin,208895308529.0736
781,31-07-2020,Ethereum,38699278448.65923
782,31-07-2020,XRP,11615109241.173668
783,31-07-2020,Tether,9999635295.37501
784,31-07-2020,Bitcoin Cash,5552502657.76548
785,31-07-2020,Bitcoin SV,4246445401.8358073
786,31-07-2020,Litecoin,3778669741.51218
787,31-07-2020,Cardano,3598615577.115864
788,31-07-2020,Crypto.com Coin,3047825495.309186
789,31-07-2020,Binance Coin,2984615922.781605
790,31-08-2020,Bitcoin,215817677821.8572
791,31-08-2020,Ethereum,48909170051.95438
792,31-08-2020,Tether,13368167895.780638
793,31-08-2020,XRP,12678006729.118013
794,31-08-2020,Chainlink,5497970695.7
795,31-08-2020,Bitcoin Cash,5080476441.915454
796,31-08-2020,Litecoin,3994085079.556457
797,31-08-2020,Bitcoin SV,3568360717.3478904
798,31-08-2020,Crypto.com Coin,3518327760.73839
799,31-08-2020,Binance Coin,3349228654.1205444
800,30-09-2020,Bitcoin,199816871750.80023
801,30-09-2020,Ethereum,40740055394.66744
802,30-09-2020,Tether,16391795939.979889
803,30-09-2020,XRP,10944618470.52611
804,30-09-2020,Bitcoin Cash,4230965869.479121
805,30-09-2020,Binance Coin,4229794790.5450478
806,30-09-2020,Chainlink,3837140545.020962
807,30-09-2020,Polkadot,3708830409.3861065
808,30-09-2020,Bitcoin SV,3188629085.004634
809,30-09-2020,Crypto.com Coin,3186133326.911774
810,31-10-2020,Bitcoin,255372071116.27853
811,31-10-2020,Ethereum,43776829150.3753
812,31-10-2020,Tether,16657642843.100563
813,31-10-2020,XRP,10856735912.242302
814,31-10-2020,Bitcoin Cash,4858164160.093977
815,31-10-2020,Chainlink,4381844694.70944
816,31-10-2020,Binance Coin,4105653935.4303203
817,31-10-2020,Litecoin,3656741432.0566707
818,31-10-2020,Polkadot,3565574466.3294506
819,31-10-2020,Bitcoin SV,3059690263.9850006
820,30-11-2020,Bitcoin,364239306833.3673
821,30-11-2020,Ethereum,69877130497.68272
822,30-11-2020,XRP,30117263915.704655
823,30-11-2020,Tether,19134597303.724606
824,30-11-2020,Bitcoin Cash,5881460193.930073
825,30-11-2020,Litecoin,5778895792.612871
826,30-11-2020,Chainlink,5612150332.663697
827,30-11-2020,Cardano,5329823912.185844
828,30-11-2020,Binance Coin,4533324240.434002
829,30-11-2020,Stellar,4383702566.966774
830,31-12-2020,Bitcoin,539051138107.78613
831,31-12-2020,Ethereum,84156810764.80739
832,31-12-2020,Tether,20939440704.71454
833,31-12-2020,XRP,9981874642.619211
834,31-12-2020,Polkadot,8318279231.475748
835,31-12-2020,Litecoin,8256035500.725853
836,31-12-2020,Bitcoin Cash,6381074871.369556
837,31-12-2020,Cardano,5643713240.74646
838,31-12-2020,Binance Coin,5397344407.7129755
839,31-12-2020,Chainlink,4491417082.601994
840,31-01-2021,Bitcoin,616452744533.2831
841,31-01-2021,Ethereum,150543956657.3032
842,31-01-2021,Tether,26451988954.478863
843,31-01-2021,XRP,22353042408.264534
844,31-01-2021,Polkadot,14603207739.220125
845,31-01-2021,Cardano,10730622858.422226
846,31-01-2021,Chainlink,9129983491.144905
847,31-01-2021,Litecoin,8602571147.428734
848,31-01-2021,Bitcoin Cash,7452675943.771947
849,31-01-2021,Binance Coin,6842092372.861756
850,28-02-2021,Bitcoin,841428977514.5658
851,28-02-2021,Ethereum,162650415374.43335
852,28-02-2021,Cardano,40696967234.70593
853,28-02-2021,Tether,35051423319.74653
854,28-02-2021,Binance Coin,32386116331.47567
855,28-02-2021,Polkadot,30723422512.25018
856,28-02-2021,XRP,18840545903.3252
857,28-02-2021,Litecoin,10978655640.653923
858,28-02-2021,Chainlink,10112284118.005312
859,28-02-2021,Stellar,9159071308.047659
860,31-03-2021,Bitcoin,1100016786762.557
861,31-03-2021,Ethereum,221151811159.16376
862,31-03-2021,Binance Coin,46678707631.290665
863,31-03-2021,Tether,40723981486.81098
864,31-03-2021,Cardano,38122781324.931564
865,31-03-2021,Polkadot,34243351177.279774
866,31-03-2021,XRP,26055985343.475494
867,31-03-2021,Uniswap,14609704547.188416
868,31-03-2021,Litecoin,13183541314.435993
869,31-03-2021,THETA,12367095438.0944
870,30-04-2021,Bitcoin,1079669884319.6931
871,30-04-2021,Ethereum,320822874720.786
872,30-04-2021,Binance Coin,95754488402.28534
873,30-04-2021,XRP,72268392381.26222
874,30-04-2021,Tether,50995492788.572174
875,30-04-2021,Dogecoin,43681559535.479706
876,30-04-2021,Cardano,43208459367.03698
877,30-04-2021,Polkadot,34134808696.63839
878,30-04-2021,Uniswap,21300516809.385273
879,30-04-2021,Bitcoin Cash,18600480243.77349
880,31-05-2021,Bitcoin,698990486184.969
881,31-05-2021,Ethereum,315217277482.8048
882,31-05-2021,Tether,61816254265.847984
883,31-05-2021,Cardano,55678821517.993935
884,31-05-2021,Binance Coin,54365777869.464775
885,31-05-2021,XRP,48293159732.05142
886,31-05-2021,Dogecoin,42298953605.58302
887,31-05-2021,USD Coin,22628794881.19088
888,31-05-2021,Polkadot,22107873817.41802
889,31-05-2021,Uniswap,16049165497.732155
890,30-06-2021,Bitcoin,656852513237.5332
891,30-06-2021,Ethereum,265001225920.82336
892,30-06-2021,Tether,62468888600.37969
893,30-06-2021,Binance Coin,46535565043.07998
894,30-06-2021,Cardano,44196834747.31989
895,30-06-2021,Dogecoin,33111043724.51091
896,30-06-2021,XRP,32597010800.58672
897,30-06-2021,USD Coin,25162837210.46669
898,30-06-2021,Polkadot,15685335248.45301
899,30-06-2021,Uniswap,11089771197.485611
900,31-07-2021,Bitcoin,781431379811.1804
901,31-07-2021,Ethereum,296532997873.1163
902,31-07-2021,Tether,61807856352.57565
903,31-07-2021,Binance Coin,56082037720.4723
904,31-07-2021,Cardano,42401988601.891174
905,31-07-2021,XRP,34631811110.67993
906,31-07-2021,USD Coin,27333627420.044094
907,31-07-2021,Dogecoin,27219722410.750805
908,31-07-2021,Polkadot,16510914748.499834
909,31-07-2021,Uniswap,12811642612.16343
910,31-08-2021,Bitcoin,886869903602.6324
911,31-08-2021,Ethereum,402902770209.72687
912,31-08-2021,Cardano,89122172068.61835
913,31-08-2021,Binance Coin,78085988882.72517
914,31-08-2021,Tether,65525232498.31869
915,31-08-2021,XRP,55273333180.718834
916,31-08-2021,Dogecoin,36501701126.42674
917,31-08-2021,Solana,31578154528.759094
918,31-08-2021,Polkadot,31079140407.058674
919,31-08-2021,USD Coin,27409390665.117767
920,30-09-2021,Bitcoin,824619217607.5184
921,30-09-2021,Ethereum,353421264860.0338
922,30-09-2021,Tether,68478158940.77015
923,30-09-2021,Cardano,67743028884.05565
924,30-09-2021,Binance Coin,65078675599.59948
925,30-09-2021,XRP,44536153773.625824
926,30-09-2021,Solana,41975552359.30376
927,30-09-2021,USD Coin,31516505613.65525
928,30-09-2021,Polkadot,28225628136.2863
929,30-09-2021,Dogecoin,26858356705.884514
930,31-10-2021,Bitcoin,1156485845063.0938
931,31-10-2021,Ethereum,506663636947.2265
932,31-10-2021,Binance Coin,87464591883.45865
933,31-10-2021,Tether,70286558907.95131
934,31-10-2021,Cardano,65378981994.97978
935,31-10-2021,Solana,61003141449.5687
936,31-10-2021,XRP,52339587880.1017
937,31-10-2021,Polkadot,42211209861.96556
938,31-10-2021,SHIBA INU,36919669978.72446
939,31-10-2021,Dogecoin,36972572649.6651
940,30-11-2021,Bitcoin,1076689232562.0848
941,30-11-2021,Ethereum,549085770690.67114
942,30-11-2021,Binance Coin,103862047714.4773
943,30-11-2021,Tether,73326868494.87376
944,30-11-2021,Solana,63474034537.88747
945,30-11-2021,Cardano,51798875263.59406
946,30-11-2021,XRP,47100211146.59572
947,30-11-2021,USD Coin,38665241931.34597
948,30-11-2021,Polkadot,37488998751.00243
949,30-11-2021,Dogecoin,28413505413.91823
